"Your input","Epoch timestamp","Converted epoch (double-check your input!)"
2025-03-02T06:02:00+06:00,1740873720,Sun, 02 Mar 2025 00:02:00 +0000
2025-03-03T06:03:00+06:00,1740960180,Mon, 03 Mar 2025 00:03:00 +0000
2025-03-04T06:03:00+06:00,1741046580,Tue, 04 Mar 2025 00:03:00 +0000
2025-03-05T06:04:00+06:00,1741133040,Wed, 05 Mar 2025 00:04:00 +0000
2025-03-06T06:04:00+06:00,1741219440,Thu, 06 Mar 2025 00:04:00 +0000
2025-03-07T06:05:00+06:00,1741305900,Fri, 07 Mar 2025 00:05:00 +0000
2025-03-08T06:05:00+06:00,1741392300,Sat, 08 Mar 2025 00:05:00 +0000
2025-03-09T06:06:00+06:00,1741478760,Sun, 09 Mar 2025 00:06:00 +0000
2025-03-10T06:06:00+06:00,1741565160,Mon, 10 Mar 2025 00:06:00 +0000
2025-03-11T06:06:00+06:00,1741651560,Tue, 11 Mar 2025 00:06:00 +0000
2025-03-12T06:07:00+06:00,1741738020,Wed, 12 Mar 2025 00:07:00 +0000
2025-03-13T06:07:00+06:00,1741824420,Thu, 13 Mar 2025 00:07:00 +0000
2025-03-14T06:08:00+06:00,1741910880,Fri, 14 Mar 2025 00:08:00 +0000
2025-03-15T06:08:00+06:00,1741997280,Sat, 15 Mar 2025 00:08:00 +0000
2025-03-16T06:08:00+06:00,1742083680,Sun, 16 Mar 2025 00:08:00 +0000
2025-03-17T06:09:00+06:00,1742170140,Mon, 17 Mar 2025 00:09:00 +0000
2025-03-18T06:09:00+06:00,1742256540,Tue, 18 Mar 2025 00:09:00 +0000
2025-03-19T06:10:00+06:00,1742343000,Wed, 19 Mar 2025 00:10:00 +0000
2025-03-20T06:10:00+06:00,1742429400,Thu, 20 Mar 2025 00:10:00 +0000
2025-03-21T06:10:00+06:00,1742515800,Fri, 21 Mar 2025 00:10:00 +0000
2025-03-22T06:11:00+06:00,1742602260,Sat, 22 Mar 2025 00:11:00 +0000
2025-03-23T06:11:00+06:00,1742688660,Sun, 23 Mar 2025 00:11:00 +0000
2025-03-24T06:11:00+06:00,1742775060,Mon, 24 Mar 2025 00:11:00 +0000
2025-03-25T06:12:00+06:00,1742861520,Tue, 25 Mar 2025 00:12:00 +0000
2025-03-26T06:12:00+06:00,1742947920,Wed, 26 Mar 2025 00:12:00 +0000
2025-03-27T06:13:00+06:00,1743034380,Thu, 27 Mar 2025 00:13:00 +0000
2025-03-28T06:13:00+06:00,1743120780,Fri, 28 Mar 2025 00:13:00 +0000
2025-03-29T06:14:00+06:00,1743207240,Sat, 29 Mar 2025 00:14:00 +0000
2025-03-30T06:14:00+06:00,1743293640,Sun, 30 Mar 2025 00:14:00 +0000
2025-03-31T06:15:00+06:00,1743380100,Mon, 31 Mar 2025 00:15:00 +0000

Converted by Epoch Converter (Batch Conversion Tool) on Fri Feb 28 2025
https://www.epochconverter.com
